﻿[
    {
        "gauza": "medikua",
        "pistak": [
            "Pertsonak sendatzen ditu.",
            "Bata zuria eramaten du.",
            "Ospitalean egiten du lan."
        ]
    },
    {
        "gauza": "irakaslea",
        "pistak": [
            "Eskolan egiten du lan.",
            "Haurrak irakasten ditu.",
            "Arbel baten aurrean egoten da."
        ]
    },
    {
        "gauza": "suhiltzailea",
        "pistak": [
            "Suteak amatatzen ditu.",
            "Kamioi gorri handi batean ibiltzen da.",
            "Kaskoa darama buruan."
        ]
    },
    {
        "gauza": "polizia",
        "pistak": [
            "Segurtasuna zaintzen du.",
            "Uniformea darama.",
            "Trafikoa kontrolatzen du."
        ]
    },
    {
        "gauza": "argazkilaria",
        "pistak": [
            "Kamerarekin lan egiten du.",
            "Argazkiak ateratzen ditu.",
            "Momentuak harrapatzen ditu."
        ]
    },

    {
        "gauza": "mekanikoa",
        "pistak": [
            "Autoak konpontzen ditu.",
            "Tallerrean lan egiten du.",
            "Lan zikina da."
        ]
    },
    {
        "gauza": "garbitzailea",
        "pistak": [
            "Tokietan garbitasuna mantentzen du.",
            "Eskuila eta trapuak erabiltzen ditu.",
            "Gelak eta pasabideak garbitzen ditu."
        ]
    },
    {
        "gauza": "artista",
        "pistak": [
            "Margolanak egiten ditu.",
            "Irudimena erabiltzen du.",
            "Koloreak gustuko ditu."
        ]
    },
    {
        "gauza": "musikaria",
        "pistak": [
            "Musika jotzen du.",
            "Instrumentuak erabiltzen ditu.",
            "Kontzertuak ematen ditu."
        ]
    },
    {
        "gauza": "aktorea",
        "pistak": [
            "Antzerkian edo filmetan agertzen da.",
            "Pertsonaia desberdinak egiten ditu.",
            "Eszenatokian lan egiten du."
        ]
    },
    {
        "gauza": "iturgina",
        "pistak": [
            "Hodiak konpontzen ditu.",
            "Ur-ihesak konpontzen ditu.",
            "Bainugelako tresnekin lan egiten du."
        ]
    },
    {
        "gauza": "elektrikaria",
        "pistak": [
            "Korrontearekin lan egiten du.",
            "Kableak eta entxufeak konpontzen ditu.",
            "Arriskuak egon daitezke."
        ]
    },
    {
        "gauza": "igerilaria",
        "pistak": [
            "Uretan trebea da.",
            "Txapelketetan parte hartzen du.",
            "Igerilekuan entrenatzen du."
        ]
    },
    {
        "gauza": "pilotaria",
        "pistak": [
            "Pilota jokatzen du.",
            "Frontoi batean aritzen da.",
            "Eskuz edo pala erabiliz jolasten du."
        ]
    },
    {
        "gauza": "okina",
        "pistak": [
            "Ogia prestatzen du.",
            "Goiz oso goiz hasten da lanean.",
            "Labea erabiltzen du."
        ]
    },

    {
        "gauza": "marrazkilaria",
        "pistak": [
            "Marrazkiak egiten ditu.",
            "Komikiak sortzen ditu.",
            "Arkatza eta boligrafoa erabiltzen ditu."
        ]
    },
    {
        "gauza": "dantzaria",
        "pistak": [
            "Musikaren erritmoan mugitzen da.",
            "Eszenatokian dantzatzen du.",
            "Gorputz adierazpena lantzen du."
        ]
    },
    {
        "gauza": "zientzialaria",
        "pistak": [
            "Esperimentuak egiten ditu.",
            "Laborategian lan egiten du.",
            "Ezagutza bilatzen du."
        ]
    },


    {
        "gauza": "kazetaria",
        "pistak": [
            "Albisteak idazten ditu.",
            "Erreportajeak egiten ditu.",
            "Kazetan edo telebistan agertzen da."
        ]
    },

    {
        "gauza": "informatikaria",
        "pistak": [
            "Ordenagailuekin lan egiten du.",
            "Programak sortzen ditu.",
            "Kodea idazten du."
        ]
    },
    {
        "gauza": "gidaria",
        "pistak": [
            "Autoa edo autobusa gidatzen du.",
            "Garraioa ziurtatzen du.",
            "Zirkulazio arauak ezagutzen ditu."
        ]
    },


    {
        "gauza": "arrantzalea",
        "pistak": [
            "Itsasora joaten da.",
            "Arrainak harrapatzen ditu.",
            "Sareak erabiltzen ditu."
        ]
    },
    {
        "gauza": "pilotua",
        "pistak": [
            "Hegazkinak gidatzen ditu.",
            "Oso altu egoten da.",
            "Bidaiariak eramaten ditu."
        ]
    },
    {
        "gauza": "erizaina",
        "pistak": [
            "Gaixoak zaintzen ditu.",
            "Sendagaiak banatzen ditu.",
            "Medikuekin batera lan egiten du."
        ]
    },


    {
        "gauza": "arkatza",
        "pistak": [
            "Marrazteko eta idazteko erabiltzen da.",
            "Zurez egina dago.",
            "Puntan mina du."
        ]
    },
    {
        "gauza": "aulkia",
        "pistak": [
            "Eseritzeko erabiltzen da.",
            "Hankak ditu.",
            "Mahaiarekin batera erabiltzen da."
        ]
    },
    {
        "gauza": "ordenagailua",
        "pistak": [
            "Pantaila eta teklatua ditu.",
            "Informazioa bilatzeko erabiltzen da.",
            "Interneterako sarbidea ematen du."
        ]
    },
    {
        "gauza": "telefonoa",
        "pistak": [
            "Hitz egiteko eta mezularako erabiltzen da.",
            "Poltsikoan sar daiteke.",
            "Pantaila ukigarria du."
        ]
    },
    {
        "gauza": "giltza",
        "pistak": [
            "Ateak irekitzen ditu.",
            "Metalekoa da.",
            "Sarraila batean sartzen da."
        ]
    },
    {
        "gauza": "liburua",
        "pistak": [
            "Irakurtzeko erabiltzen da.",
            "Orriak ditu.",
            "Liburutegian aurki daiteke."
        ]
    },
    {
        "gauza": "lanpara",
        "pistak": [
            "Argia ematen du.",
            "Kablearekin funtzionatzen du.",
            "Gauean pizten da."
        ]
    },
    {
        "gauza": "erlojua",
        "pistak": [
            "Ordua esaten du.",
            "Eskumuturrean eramaten da.",
            "Zenbakiak eta orratzak ditu."
        ]
    },
    {
        "gauza": "motxila",
        "pistak": [
            "Gauzak eramateko erabiltzen da.",
            "Sorbalda gainean eramaten da.",
            "Eskolara eramaten da."
        ]
    },
    {
        "gauza": "makila",
        "pistak": [
            "Ibiltzeko laguntzen du.",
            "Zurez egina izan daiteke.",
            "Zaharrentzat ohikoa da."
        ]
    },
    {
        "gauza": "txakurra",
        "pistak": [
            "Gizakiaren lagunik onena da.",
            "Zaunka egiten du.",
            "Oso leiala da."
        ]
    },
    {
        "gauza": "katua",
        "pistak": [
            "Miau egiten du.",
            "Jolastia eta garbia da.",
            "Iluntasunean ondo ikusten du."
        ]
    },
    {
        "gauza": "zaldia",
        "pistak": [
            "Ibilgailu gisa erabilia zen lehenago.",
            "Lasterketetan parte hartzen du.",
            "Zaldi gainera igo zaitezke."
        ]
    },
    {
        "gauza": "ahatea",
        "pistak": [
            "Ur gainean igeri egiten du.",
            "Karraka egiten du.",
            "Hegoak eta moko horia ditu."
        ]
    },
    {
        "gauza": "txoria",
        "pistak": [
            "Hegan egiten du.",
            "Txio egiten du.",
            "Habian bizi da."
        ]
    },
    {
        "gauza": "sugea",
        "pistak": [
            "Ez du hankarik.",
            "Lurra arrastaka mugitzen du.",
            "Batzuek pozoia dute."
        ]
    },
    {
        "gauza": "oreina",
        "pistak": [
            "Adarrak ditu.",
            "Basoan bizi da.",
            "Oso azkarra da korrika."
        ]
    },
    {
        "gauza": "arraina",
        "pistak": [
            "Uretan bizi da.",
            "Ez du birikirik.",
            "Isatsa mugiaraziz mugitzen da."
        ]
    },
    {
        "gauza": "igela",
        "pistak": [
            "Salto egiten du.",
            "Krok kro egiten du.",
            "Uretan eta lurrean bizi da."
        ]
    },

    {
        "gauza": "sukaldaria",
        "pistak": [
            "Janaria prestatzen du.",
            "Sukaldean lan egiten du.",
            "Amantala janzten du."
        ]
    },
    {
        "gauza": "albaitaria",
        "pistak": [
            "Animaliak sendatzen ditu.",
            "Klinika berezi batean lan egiten du.",
            "Txakurrak eta katuak maite ditu."
        ]
    },
    {
        "gauza": "arkitektoa",
        "pistak": [
            "Etxeak eta eraikinak diseinatzen ditu.",
            "Planoak marrazten ditu.",
            "Erregelarekin lan egiten du."
        ]
    },
    {
        "gauza": "astronauta",
        "pistak": [
            "Espaziora bidaiatzen du.",
            "Traje berezi bat darama.",
            "Izarren artean ibiltzen da."
        ]
    },
    {
        "gauza": "lorezaina",
        "pistak": [
            "Loreak eta landareak zaintzen ditu.",
            "Baratzean lan egiten du.",
            "Ura botatzen du."
        ]
    },
    {
        "gauza": "ispilua",
        "pistak": [
            "Zure aurpegia erakusten du.",
            "Komunean egon ohi da.",
            "Kristalez egina dago."
        ]
    },
    {
        "gauza": "zapatak",
        "pistak": [
            "Oinetan janzten dira.",
            "Korrika egiteko laguntzen dute.",
            "Larruz edo oihalez eginak daude."
        ]
    },
    {
        "gauza": "paperontzia",
        "pistak": [
            "Zaborra botatzeko erabiltzen da.",
            "Sukaldean edo bulegoan dago.",
            "Tapa bat izan dezake."
        ]
    },
    {
        "gauza": "saskia",
        "pistak": [
            "Gauzak eramateko balio du.",
            "Zumez egina egon daiteke.",
            "Pikniketarako erabiltzen da."
        ]
    },
    {
        "gauza": "sartzea",
        "pistak": [
            "Atea ixten du.",
            "Giltza behar du.",
            "Metalez egina dago."
        ]
    },
    {
        "gauza": "hartza",
        "pistak": [
            "Basoan bizi da.",
            "Eztiaren bila ibiltzen da.",
            "Neguan lo egiten du."
        ]
    },
    {
        "gauza": "elefantea",
        "pistak": [
            "Oso handia da.",
            "Tronpa luzea du.",
            "Afrikan edo Asian bizi da."
        ]
    },
    {
        "gauza": "jirafa",
        "pistak": [
            "Lehorte luzea du.",
            "Zuhaixken hostoak jaten ditu.",
            "Animaliarik altuena da."
        ]
    },
    {
        "gauza": "krokodiloa",
        "pistak": [
            "Ibaietan bizi da.",
            "Hortz zorrotzak ditu.",
            "Isats indartsua du."
        ]
    },
    {
        "gauza": "tximeleta",
        "pistak": [
            "Hego koloretsuak ditu.",
            "Loreetatik loreetara hegan egiten du.",
            "Udaberrian ikusten da."
        ]
    },
    {
        "gauza": "idazlea",
        "pistak": [
            "Liburuak edo ipuinak idazten ditu.",
            "Imajinazio handia du.",
            "Paperean edo ordenagailuan lan egiten du."
        ]
    },
    {
        "gauza": "eskultorea",
        "pistak": [
            "Harriarekin edo buztinarekin lan egiten du.",
            "Estatuak sortzen ditu.",
            "Zizel bat erabiltzen du."
        ]
    },
    {
        "gauza": "postaria",
        "pistak": [
            "Gutunak eta paketeak banatzen ditu.",
            "Bizikletan edo autoan ibiltzen da.",
            "Postontziak betetzen ditu."
        ]
    },
    {
        "gauza": "eskuila",
        "pistak": [
            "Hortzak garbitzeko erabiltzen da.",
            "Eskuan hartzen da.",
            "Hortzetako pastarekin batera doa."
        ]
    },
    {
        "gauza": "altzaria",
        "pistak": [
            "Etxea apaintzen du.",
            "Egurrez edo metalez egina dago.",
            "Sofa edo ohea izan daiteke."
        ]
    },
    {
        "gauza": "kandela",
        "pistak": [
            "Argia ematen du pizten denean.",
            "Argizarixkaz egina dago.",
            "Urtebetetzeetan erabiltzen da."
        ]
    },
    {
        "gauza": "ontzia",
        "pistak": [
            "Janaria zerbitzatzeko erabiltzen da.",
            "Sukaldean aurkitzen da.",
            "Plater edo katilu bat da."
        ]
    },

    {
        "gauza": "zebra",
        "pistak": [
            "Marrak ditu gorputzean.",
            "Savanan bizi da.",
            "Zaldiaren antzekoa da."
        ]
    },
    {
        "gauza": "panda",
        "pistak": [
            "Beltza eta zuria da.",
            "Bambua jaten du.",
            "Txinan bizi da."
        ]
    },
    {
        "gauza": "kangurua",
        "pistak": [
            "Salto handiak egiten ditu.",
            "Poltsa bat du sabelan.",
            "Australian bizi da."
        ]
    },
    {
        "gauza": "dortoka",
        "pistak": [
            "Oso poliki mugitzen da.",
            "Oskola gogorra du.",
            "Urte asko bizi da."
        ]
    },
    {
        "gauza": "belatza",
        "pistak": [
            "Hegan azkar egiten du.",
            "Begi zorrotzak ditu.",
            "Harrapari txikia da."
        ]
    }

]
